{
    "coolingRate": 0.995,
    "degree": 17,
    "diffenceFromLowerBound": 0.0,
    "initialTemperature": 1000.0,
    "lowerBoundOfAspl": 1.653061224489796,
    "minTemperature": 0.0001,
    "nodesNum": 50,
    "objective": 1.653061224489796,
    "repeats": 100000
}