{
    "asplExtremes": 3.4081632653061225,
    "asplNeighbors": 3.5884353741496597,
    "objective": 3.4081632653061225
}