{
    "asplExtremes": 2.7777777777777777,
    "asplNeighbors": 1.0,
    "objective": 3.7777777777777777
}