{
    "asplExtremes": 2.5918367346938775,
    "asplNeighbors": 1.4149659863945578,
    "objective": 4.006802721088436
}