{
    "asplExtremes": 3.4081632653061225,
    "asplNeighbors": 1.403061224489796,
    "nodeViolationsExtremes": null,
    "nodeViolationsNeighbors": null,
    "objective": 4.811224489795919,
    "penalty": 0
}