{
    "asplExtremes": 1.8571428571428572,
    "asplNeighbors": 1.030612244897959,
    "nodeViolationsExtremes": null,
    "nodeViolationsNeighbors": null,
    "objective": 2.887755102040816,
    "penalty": 0
}