{
    "asplExtremes": 3.6,
    "asplNeighbors": 1.346938775510204,
    "objective": 44.00816326530612
}