{
    "asplExtremes": 2.5918367346938775,
    "asplNeighbors": 2.8537414965986394,
    "objective": 2.5918367346938775
}