{
    "asplExtremes": 2.510204081632653,
    "asplNeighbors": 1.034013605442177,
    "objective": 33.53061224489796
}