{
    "asplExtremes": 4.448979591836735,
    "asplNeighbors": 1.0204081632653061,
    "objective": 1.0204081632653061
}