{
    "asplExtremes": 2.275918367346939,
    "asplNeighbors": 1.3129251700680271,
    "objective": 3.588843537414966
}