{
    "asplExtremes": 2.5918367346938775,
    "asplNeighbors": 1.2040816326530612,
    "nodeViolationsExtremes": null,
    "nodeViolationsNeighbors": null,
    "objective": 3.795918367346939,
    "penalty": 0
}