{
    "ZDT1": 24.43223870967742,
    "ZDT6": 19.701067741935486,
    "ZDT4": 19.302216129032256,
    "ZDT2": 24.52938709677419,
    "ZDT3": 24.864809677419355
}