{
    "coolingRate": 0.995,
    "degree": 7,
    "diffenceFromLowerBound": 0.09469387755102043,
    "initialTemperature": 1000.0,
    "lowerBoundOfAspl": 1.8571428571428572,
    "minTemperature": 0.0001,
    "nodesNum": 50,
    "objective": 1.9518367346938776,
    "repeats": 1000000
}