{
    "asplExtremes": 3.795918367346939,
    "asplNeighbors": 1.530612244897959,
    "objective": 49.71428571428571
}