{
    "coolingRate": 0.995,
    "degree": 5,
    "diffenceFromLowerBound": 0.0,
    "initialTemperature": 1000.0,
    "lowerBoundOfAspl": 2.3877551020408165,
    "minTemperature": 0.0001,
    "nodesNum": 50,
    "objective": 2.3877551020408165,
    "repeats": 1000000
}