{
    "asplExtremes": 2.510204081632653,
    "asplNeighbors": 1.1904761904761905,
    "objective": 38.224489795918366
}