{
    "asplExtremes": 3.142857142857143,
    "asplNeighbors": 1.0408163265306123,
    "objective": 34.36734693877551
}