{
    "asplExtremes": 2.142857142857143,
    "asplNeighbors": 1.0748299319727892,
    "objective": 3.217687074829932
}