{
    "asplExtremes": 2.642448979591837,
    "asplNeighbors": 2.520408163265306,
    "objective": 2.642448979591837
}