{
    "asplExtremes": 2.510204081632653,
    "asplNeighbors": 1.1904761904761905,
    "nodeViolationsExtremes": null,
    "nodeViolationsNeighbors": null,
    "objective": 38.224489795918366,
    "penalty": 0
}