{
    "asplExtremes": 2.4244897959183676,
    "asplNeighbors": 1.4285714285714286,
    "objective": 3.853061224489796
}