{
    "asplExtremes": 2.5918367346938775,
    "asplNeighbors": 1.510204081632653,
    "objective": 79.26530612244898
}