{
    "asplExtremes": 4.775510204081633,
    "asplNeighbors": 1.1700680272108843,
    "objective": 1.1700680272108843
}