{
    "asplExtremes": 5.489795918367347,
    "asplNeighbors": 1.3265306122448979,
    "objective": 1.3265306122448979
}