{
    "asplExtremes": 3.4081632653061225,
    "asplNeighbors": 1.969387755102041,
    "objective": 104.21428571428572
}