{
    "asplExtremes": 3.63265306122449,
    "asplNeighbors": 1.2857142857142858,
    "nodeViolationsExtremes": null,
    "nodeViolationsNeighbors": null,
    "objective": 42.204081632653065,
    "penalty": 0
}