{
    "coolingRate": 0.995,
    "degree": 16,
    "diffenceFromLowerBound": 0.0,
    "initialTemperature": 1000.0,
    "lowerBoundOfAspl": 1.6734693877551021,
    "minTemperature": 0.0001,
    "nodesNum": 50,
    "objective": 1.6734693877551021,
    "repeats": 100000
}