{
    "asplExtremes": 2.3877551020408165,
    "asplNeighbors": 1.8673469387755102,
    "objective": 73.50000000000001
}