{
    "asplExtremes": 3.280816326530612,
    "asplNeighbors": 1.1904761904761905,
    "objective": 38.99510204081633
}