{
    "asplExtremes": 2.9285714285714284,
    "asplNeighbors": 1.346938775510204,
    "nodeViolationsExtremes": null,
    "nodeViolationsNeighbors": null,
    "objective": 43.33673469387755,
    "penalty": 0
}