{
    "asplExtremes": 2.6020408163265305,
    "asplNeighbors": 1.4387755102040816,
    "nodeViolationsExtremes": null,
    "nodeViolationsNeighbors": null,
    "objective": 4.040816326530612,
    "penalty": 0
}