{
    "ZDT1": 1.2181922580645161,
    "ZDT6": 1.025508064516129,
    "ZDT4": 1.022643870967742,
    "ZDT2": 1.2120967741935484,
    "ZDT3": 1.2276432258064516
}