{
    "asplExtremes": 2.733877551020408,
    "asplNeighbors": 1.5238095238095237,
    "objective": 4.257687074829931
}