{
    "asplExtremes": 10.581632653061224,
    "asplNeighbors": 1.489795918367347,
    "objective": 1.489795918367347
}