{
    "asplExtremes": 2.6685714285714286,
    "asplNeighbors": 2.673469387755102,
    "objective": 82.73061224489797
}