{
    "asplExtremes": 2.6530612244897958,
    "asplNeighbors": 2.697278911564626,
    "objective": 2.645714285714286,
    "memo": "MpMoeadIdealTopologyのために目的関数をASPLに設定した理想点マイグレーションのトポロジー"
}