{
    "asplExtremes": 3.4081632653061225,
    "asplNeighbors": 3.3197278911564627,
    "objective": 3.4179591836734695,
    "memo": "MpMoeadIdealTopologyのために目的関数をASPLに設定した理想点マイグレーションのトポロジー"
}