{
    "coolingRate": 0.995,
    "degree": 27,
    "diffenceFromLowerBound": 0.0,
    "initialTemperature": 1000.0,
    "lowerBoundOfAspl": 1.4489795918367347,
    "minTemperature": 0.0001,
    "nodesNum": 50,
    "objective": 1.4489795918367347,
    "repeats": 10000
}