{
    "coolingRate": 0.995,
    "degree": 15,
    "diffenceFromLowerBound": 0.0,
    "initialTemperature": 1000.0,
    "lowerBoundOfAspl": 1.6938775510204083,
    "minTemperature": 0.0001,
    "nodesNum": 50,
    "objective": 1.6938775510204083,
    "repeats": 1000000
}