{
    "asplExtremes": 2.836734693877551,
    "asplNeighbors": 1.3537414965986394,
    "objective": 43.44897959183673
}