{
    "asplExtremes": 3.438775510204082,
    "asplNeighbors": 1.5952380952380953,
    "objective": 5.034013605442177
}