{
    "asplExtremes": 2.3877551020408165,
    "asplNeighbors": 1.2108843537414966,
    "objective": 3.598639455782313
}