{
    "asplExtremes": 2.3877551020408165,
    "asplNeighbors": 2.4863945578231292,
    "objective": 2.3877551020408165
}