{
    "asplExtremes": 2.3926530612244896,
    "asplNeighbors": 2.36734693877551,
    "objective": 2.3926530612244896
}