{
    "ZDT1": 12.356310344827587,
    "ZDT3": 12.51503448275862,
    "ZDT2": 12.388062068965517,
    "ZDT6": 9.95543827586207,
    "ZDT4": 9.758402758620688
}